epoch,filename,true_class,predicted_class,confidence,celebrity_name,picture_number,file_path,brightness,resolution,race,gender,colorfulness,file_name,augmented,image_id
100,America-Ferrera/005.jpg,0,21,0.8805749,America-Ferrera,5,/workspace/DS4002Project3/DATA/celebrities_all/America-Ferrera/005.jpg,136.61803944890474,171x295,White-Latina,female,76.117812670945,005.jpg,0,America-Ferrera/005.jpg
100,America-Ferrera/021.jpg,0,22,0.51539624,America-Ferrera,21,/workspace/DS4002Project3/DATA/celebrities_all/America-Ferrera/021.jpg,79.32655737704918,275x183,White-Latina,female,94.32429177959013,021.jpg,0,America-Ferrera/021.jpg
100,America-Ferrera/025.jpg,0,24,0.99987304,America-Ferrera,25,/workspace/DS4002Project3/DATA/celebrities_all/America-Ferrera/025.jpg,93.08259499316168,201x251,White-Latina,female,44.22872987310828,025.jpg,0,America-Ferrera/025.jpg
100,America-Ferrera/027.jpg,0,12,0.95545477,America-Ferrera,27,/workspace/DS4002Project3/DATA/celebrities_all/America-Ferrera/027.jpg,94.66489816194736,275x183,White-Latina,female,44.150414372155645,027.jpg,0,America-Ferrera/027.jpg
100,America-Ferrera/030.jpg,0,20,0.89898753,America-Ferrera,30,/workspace/DS4002Project3/DATA/celebrities_all/America-Ferrera/030.jpg,181.37144446210075,203x248,White-Latina,female,99.68673290233232,030.jpg,0,America-Ferrera/030.jpg
100,America-Ferrera/031.jpg,0,8,0.7655284,America-Ferrera,31,/workspace/DS4002Project3/DATA/celebrities_all/America-Ferrera/031.jpg,64.91518718065966,281x179,White-Latina,female,25.596824212725924,031.jpg,0,America-Ferrera/031.jpg
100,America-Ferrera/034.jpg,0,18,0.9863441,America-Ferrera,34,/workspace/DS4002Project3/DATA/celebrities_all/America-Ferrera/034.jpg,162.0587872272655,299x168,White-Latina,female,92.90450813323837,034.jpg,0,America-Ferrera/034.jpg
100,America-Ferrera/040.jpg,0,23,0.9352409,America-Ferrera,40,/workspace/DS4002Project3/DATA/celebrities_all/America-Ferrera/040.jpg,61.76160953800298,275x183,White-Latina,female,39.91879414431276,040.jpg,0,America-Ferrera/040.jpg
100,America-Ferrera/045.jpg,0,22,0.5646893,America-Ferrera,45,/workspace/DS4002Project3/DATA/celebrities_all/America-Ferrera/045.jpg,36.25253968253968,300x168,White-Latina,female,13.996289906314177,045.jpg,0,America-Ferrera/045.jpg
100,America-Ferrera/046.jpg,0,12,0.89596075,America-Ferrera,46,/workspace/DS4002Project3/DATA/celebrities_all/America-Ferrera/046.jpg,45.15976154992549,275x183,White-Latina,female,76.04569939903016,046.jpg,0,America-Ferrera/046.jpg
100,America-Ferrera/048.jpg,0,14,0.8665047,America-Ferrera,48,/workspace/DS4002Project3/DATA/celebrities_all/America-Ferrera/048.jpg,163.70332221957608,204x247,White-Latina,female,81.3849435903174,048.jpg,0,America-Ferrera/048.jpg
100,America-Ferrera/056.jpg,0,20,0.3469793,America-Ferrera,56,/workspace/DS4002Project3/DATA/celebrities_all/America-Ferrera/056.jpg,171.20011922503727,275x183,White-Latina,female,33.59188037765779,056.jpg,0,America-Ferrera/056.jpg
100,America-Ferrera/057.jpg,0,20,0.35931545,America-Ferrera,57,/workspace/DS4002Project3/DATA/celebrities_all/America-Ferrera/057.jpg,68.01247616020343,176x286,White-Latina,female,75.55456242082622,057.jpg,0,America-Ferrera/057.jpg
100,America-Ferrera/061.jpg,0,2,0.9685384,America-Ferrera,61,/workspace/DS4002Project3/DATA/celebrities_all/America-Ferrera/061.jpg,140.1638223226497,201x251,White-Latina,female,50.14150082167826,061.jpg,0,America-Ferrera/061.jpg
100,America-Ferrera/064.jpg,0,24,0.4741011,America-Ferrera,64,/workspace/DS4002Project3/DATA/celebrities_all/America-Ferrera/064.jpg,69.626130153999,275x183,White-Latina,female,99.00306238996508,064.jpg,0,America-Ferrera/064.jpg
100,Angelina-Jolie/016.jpg,1,11,0.8832649,Angelina-Jolie,16,/workspace/DS4002Project3/DATA/celebrities_all/Angelina-Jolie/016.jpg,83.42540286614735,201x251,White,female,47.792598453029605,016.jpg,0,Angelina-Jolie/016.jpg
100,Angelina-Jolie/035.jpg,1,14,0.7750813,Angelina-Jolie,35,/workspace/DS4002Project3/DATA/celebrities_all/Angelina-Jolie/035.jpg,131.5871038251366,275x183,White,female,29.79286829855995,035.jpg,0,Angelina-Jolie/035.jpg
100,Angelina-Jolie/043.jpg,1,14,0.9953755,Angelina-Jolie,43,/workspace/DS4002Project3/DATA/celebrities_all/Angelina-Jolie/043.jpg,55.25377871226247,277x182,White,female,25.049689708842383,043.jpg,0,Angelina-Jolie/043.jpg
100,Angelina-Jolie/066.jpg,1,11,0.96272534,Angelina-Jolie,66,/workspace/DS4002Project3/DATA/celebrities_all/Angelina-Jolie/066.jpg,70.82140873015874,224x225,White,female,34.41647389557385,066.jpg,0,Angelina-Jolie/066.jpg
100,Angelina-Jolie/074.jpg,1,14,0.974726,Angelina-Jolie,74,/workspace/DS4002Project3/DATA/celebrities_all/Angelina-Jolie/074.jpg,73.64858420268256,183x275,White,female,56.88286164046084,074.jpg,0,Angelina-Jolie/074.jpg
100,Angelina-Jolie/079.jpg,1,22,0.99997437,Angelina-Jolie,79,/workspace/DS4002Project3/DATA/celebrities_all/Angelina-Jolie/079.jpg,107.89314752599248,187x269,White,female,106.87109758136712,079.jpg,0,Angelina-Jolie/079.jpg
100,Ayo-Edebiri/008.jpg,2,21,0.8147129,Ayo-Edebiri,8,/workspace/DS4002Project3/DATA/celebrities_all/Ayo-Edebiri/008.jpg,151.49625679012345,225x225,Black,female,31.37195194063952,008.jpg,0,Ayo-Edebiri/008.jpg
100,Ayo-Edebiri/009.jpg,2,14,0.6640196,Ayo-Edebiri,9,/workspace/DS4002Project3/DATA/celebrities_all/Ayo-Edebiri/009.jpg,57.61828117237953,275x183,Black,female,45.78416288840611,009.jpg,0,Ayo-Edebiri/009.jpg
100,Ayo-Edebiri/013.jpg,2,5,0.8740246,Ayo-Edebiri,13,/workspace/DS4002Project3/DATA/celebrities_all/Ayo-Edebiri/013.jpg,103.02785891703924,183x275,Black,female,81.01491162472038,013.jpg,0,Ayo-Edebiri/013.jpg
100,Ayo-Edebiri/014.jpg,2,17,0.703816,Ayo-Edebiri,14,/workspace/DS4002Project3/DATA/celebrities_all/Ayo-Edebiri/014.jpg,91.9841828117238,275x183,Black,female,28.51487232231878,014.jpg,0,Ayo-Edebiri/014.jpg
100,Ayo-Edebiri/023.jpg,2,22,0.33618513,Ayo-Edebiri,23,/workspace/DS4002Project3/DATA/celebrities_all/Ayo-Edebiri/023.jpg,71.0419254658385,299x168,Black,female,88.91006252679978,023.jpg,0,Ayo-Edebiri/023.jpg
100,Ayo-Edebiri/026.jpg,2,24,0.9998584,Ayo-Edebiri,26,/workspace/DS4002Project3/DATA/celebrities_all/Ayo-Edebiri/026.jpg,102.40702907208284,270x186,Black,female,65.76016703710641,026.jpg,0,Ayo-Edebiri/026.jpg
100,Ayo-Edebiri/034.jpg,2,10,0.9997731,Ayo-Edebiri,34,/workspace/DS4002Project3/DATA/celebrities_all/Ayo-Edebiri/034.jpg,136.20405365126678,275x183,Black,female,25.229880750795445,034.jpg,0,Ayo-Edebiri/034.jpg
100,Ayo-Edebiri/040.jpg,2,4,1.0,Ayo-Edebiri,40,/workspace/DS4002Project3/DATA/celebrities_all/Ayo-Edebiri/040.jpg,94.0544262295082,183x275,Black,female,38.04637289467412,040.jpg,0,Ayo-Edebiri/040.jpg
100,Ayo-Edebiri/042.jpg,2,22,0.99743646,Ayo-Edebiri,42,/workspace/DS4002Project3/DATA/celebrities_all/Ayo-Edebiri/042.jpg,161.7395131644312,275x183,Black,female,32.97448784219698,042.jpg,0,Ayo-Edebiri/042.jpg
100,Ayo-Edebiri/043.jpg,2,22,0.9904184,Ayo-Edebiri,43,/workspace/DS4002Project3/DATA/celebrities_all/Ayo-Edebiri/043.jpg,64.74563901744393,318x159,Black,female,24.69318672217725,043.jpg,0,Ayo-Edebiri/043.jpg
100,Ayo-Edebiri/044.jpg,2,14,0.99999666,Ayo-Edebiri,44,/workspace/DS4002Project3/DATA/celebrities_all/Ayo-Edebiri/044.jpg,104.08622396452049,276x183,Black,female,32.212723753840955,044.jpg,0,Ayo-Edebiri/044.jpg
100,Ayo-Edebiri/045.jpg,2,14,0.5292634,Ayo-Edebiri,45,/workspace/DS4002Project3/DATA/celebrities_all/Ayo-Edebiri/045.jpg,105.07141579731744,183x275,Black,female,26.91020514326852,045.jpg,0,Ayo-Edebiri/045.jpg
100,Ayo-Edebiri/059.jpg,2,11,0.9934643,Ayo-Edebiri,59,/workspace/DS4002Project3/DATA/celebrities_all/Ayo-Edebiri/059.jpg,126.87483358171885,275x183,Black,female,53.76193181477241,059.jpg,0,Ayo-Edebiri/059.jpg
100,Ayo-Edebiri/064.jpg,2,22,0.6753456,Ayo-Edebiri,64,/workspace/DS4002Project3/DATA/celebrities_all/Ayo-Edebiri/064.jpg,66.36736641221374,262x192,Black,female,18.80412621869032,064.jpg,0,Ayo-Edebiri/064.jpg
100,Conan-OBrien/025.jpg,3,11,0.5697404,Conan-OBrien,25,/workspace/DS4002Project3/DATA/celebrities_all/Conan-OBrien/025.jpg,39.9711229946524,306x165,White,male,36.98656626679188,025.jpg,0,Conan-OBrien/025.jpg
100,Conan-OBrien/026.jpg,3,16,0.99798054,Conan-OBrien,26,/workspace/DS4002Project3/DATA/celebrities_all/Conan-OBrien/026.jpg,84.29917536015897,275x183,White,male,65.22050688932968,026.jpg,0,Conan-OBrien/026.jpg
100,Conan-OBrien/029.jpg,3,23,0.9912981,Conan-OBrien,29,/workspace/DS4002Project3/DATA/celebrities_all/Conan-OBrien/029.jpg,42.41377049180328,275x183,White,male,22.442330740390275,029.jpg,0,Conan-OBrien/029.jpg
100,Conan-OBrien/047.jpg,3,15,0.64609814,Conan-OBrien,47,/workspace/DS4002Project3/DATA/celebrities_all/Conan-OBrien/047.jpg,88.7111809895315,194x259,White,male,45.22474303388845,047.jpg,0,Conan-OBrien/047.jpg
100,Conan-OBrien/049.jpg,3,24,0.30488813,Conan-OBrien,49,/workspace/DS4002Project3/DATA/celebrities_all/Conan-OBrien/049.jpg,138.84509874183786,299x168,White,male,42.37065820403578,049.jpg,0,Conan-OBrien/049.jpg
100,Conan-OBrien/059.jpg,3,18,0.5707853,Conan-OBrien,59,/workspace/DS4002Project3/DATA/celebrities_all/Conan-OBrien/059.jpg,70.39297807877384,279x181,White,male,51.72757848486138,059.jpg,0,Conan-OBrien/059.jpg
100,Conan-OBrien/066.jpg,3,17,0.48523918,Conan-OBrien,66,/workspace/DS4002Project3/DATA/celebrities_all/Conan-OBrien/066.jpg,48.1945824555825,278x181,White,male,44.32591974848826,066.jpg,0,Conan-OBrien/066.jpg
100,Conan-OBrien/069.jpg,3,2,0.9905619,Conan-OBrien,69,/workspace/DS4002Project3/DATA/celebrities_all/Conan-OBrien/069.jpg,207.6989720998532,227x222,White,male,28.19458624875149,069.jpg,0,Conan-OBrien/069.jpg
100,Conan-OBrien/076.jpg,3,7,0.27887437,Conan-OBrien,76,/workspace/DS4002Project3/DATA/celebrities_all/Conan-OBrien/076.jpg,113.59420634920636,300x168,White,male,38.95060272305619,076.jpg,0,Conan-OBrien/076.jpg
100,Danny-Pudi/001.jpg,4,11,0.6921596,Danny-Pudi,1,/workspace/DS4002Project3/DATA/celebrities_all/Danny-Pudi/001.jpg,68.11350223546945,183x275,Asian,male,35.38960283469375,001.jpg,0,Danny-Pudi/001.jpg
100,Danny-Pudi/016.jpg,4,22,0.57305896,Danny-Pudi,16,/workspace/DS4002Project3/DATA/celebrities_all/Danny-Pudi/016.jpg,65.01936738500615,222x227,Asian,male,51.78610002253835,016.jpg,0,Danny-Pudi/016.jpg
100,Danny-Pudi/030.jpg,4,15,0.93024594,Danny-Pudi,30,/workspace/DS4002Project3/DATA/celebrities_all/Danny-Pudi/030.jpg,160.60463639250557,188x268,Asian,male,31.63307028499077,030.jpg,0,Danny-Pudi/030.jpg
100,Danny-Pudi/037.jpg,4,11,0.9988795,Danny-Pudi,37,/workspace/DS4002Project3/DATA/celebrities_all/Danny-Pudi/037.jpg,59.494665238775184,264x191,Asian,male,36.44497802394478,037.jpg,0,Danny-Pudi/037.jpg
100,Danny-Pudi/038.jpg,4,17,0.39864263,Danny-Pudi,38,/workspace/DS4002Project3/DATA/celebrities_all/Danny-Pudi/038.jpg,101.89559860904124,275x183,Asian,male,62.98403017492199,038.jpg,0,Danny-Pudi/038.jpg
100,Danny-Pudi/053.jpg,4,19,0.6332334,Danny-Pudi,53,/workspace/DS4002Project3/DATA/celebrities_all/Danny-Pudi/053.jpg,109.4885047193244,183x275,Asian,male,36.56459256535242,053.jpg,0,Danny-Pudi/053.jpg
100,Danny-Pudi/057.jpg,4,14,0.66967106,Danny-Pudi,57,/workspace/DS4002Project3/DATA/celebrities_all/Danny-Pudi/057.jpg,101.82438425595946,276x183,Asian,male,41.79909162151503,057.jpg,0,Danny-Pudi/057.jpg
100,Danny-Pudi/063.jpg,4,17,0.8638301,Danny-Pudi,63,/workspace/DS4002Project3/DATA/celebrities_all/Danny-Pudi/063.jpg,65.9293986990322,264x191,Asian,male,42.27711619350534,063.jpg,0,Danny-Pudi/063.jpg
100,Danny-Pudi/071.jpg,4,6,0.34024322,Danny-Pudi,71,/workspace/DS4002Project3/DATA/celebrities_all/Danny-Pudi/071.jpg,107.75661962898369,212x238,Asian,male,26.42476257060751,071.jpg,0,Danny-Pudi/071.jpg
100,Danny-Pudi/073.jpg,4,11,0.66126084,Danny-Pudi,73,/workspace/DS4002Project3/DATA/celebrities_all/Danny-Pudi/073.jpg,67.95762132604239,140x209,Asian,male,33.183832209642354,073.jpg,0,Danny-Pudi/073.jpg
100,Danny-Pudi/079.jpg,4,17,0.7636404,Danny-Pudi,79,/workspace/DS4002Project3/DATA/celebrities_all/Danny-Pudi/079.jpg,100.73806259314456,183x275,Asian,male,40.93320743119554,079.jpg,0,Danny-Pudi/079.jpg
100,David-Bowie/005.jpg,5,22,0.862375,David-Bowie,5,/workspace/DS4002Project3/DATA/celebrities_all/David-Bowie/005.jpg,132.0623834279138,223x226,White,male,57.28011596130424,005.jpg,0,David-Bowie/005.jpg
100,David-Bowie/006.jpg,5,10,0.9904394,David-Bowie,6,/workspace/DS4002Project3/DATA/celebrities_all/David-Bowie/006.jpg,81.10938926147863,226x223,White,male,6.546541457136722,006.jpg,0,David-Bowie/006.jpg
100,David-Bowie/014.jpg,5,18,0.47565728,David-Bowie,14,/workspace/DS4002Project3/DATA/celebrities_all/David-Bowie/014.jpg,50.38045288705584,197x256,White,male,30.11162929900645,014.jpg,0,David-Bowie/014.jpg
100,David-Bowie/023.jpg,5,20,0.6903846,David-Bowie,23,/workspace/DS4002Project3/DATA/celebrities_all/David-Bowie/023.jpg,185.82380198019803,250x202,White,male,0.0,023.jpg,0,David-Bowie/023.jpg
100,David-Bowie/024.jpg,5,19,0.9999347,David-Bowie,24,/workspace/DS4002Project3/DATA/celebrities_all/David-Bowie/024.jpg,67.03049022723661,203x248,White,male,97.97370992960217,024.jpg,0,David-Bowie/024.jpg
100,David-Bowie/026.jpg,5,14,0.9811001,David-Bowie,26,/workspace/DS4002Project3/DATA/celebrities_all/David-Bowie/026.jpg,69.93352975135866,263x191,White,male,87.54720847260472,026.jpg,0,David-Bowie/026.jpg
100,David-Bowie/028.jpg,5,17,0.9997061,David-Bowie,28,/workspace/DS4002Project3/DATA/celebrities_all/David-Bowie/028.jpg,79.32444885799404,265x190,White,male,36.09638053230768,028.jpg,0,David-Bowie/028.jpg
100,David-Bowie/032.jpg,5,10,0.9999982,David-Bowie,32,/workspace/DS4002Project3/DATA/celebrities_all/David-Bowie/032.jpg,78.0492995529061,275x183,White,male,0.0,032.jpg,0,David-Bowie/032.jpg
100,David-Bowie/034.jpg,5,10,0.72562003,David-Bowie,34,/workspace/DS4002Project3/DATA/celebrities_all/David-Bowie/034.jpg,71.86245925925925,225x225,White,male,3.559920088162533,034.jpg,0,David-Bowie/034.jpg
100,David-Bowie/035.jpg,5,14,0.9845895,David-Bowie,35,/workspace/DS4002Project3/DATA/celebrities_all/David-Bowie/035.jpg,53.58938492063492,300x168,White,male,50.03283397045978,035.jpg,0,David-Bowie/035.jpg
100,David-Bowie/041.jpg,5,10,0.9205048,David-Bowie,41,/workspace/DS4002Project3/DATA/celebrities_all/David-Bowie/041.jpg,155.5049459717146,203x248,White,male,1.651616304302957,041.jpg,0,David-Bowie/041.jpg
100,David-Bowie/045.jpg,5,12,0.7751931,David-Bowie,45,/workspace/DS4002Project3/DATA/celebrities_all/David-Bowie/045.jpg,58.046398410332834,275x183,White,male,3.055205372347516,045.jpg,0,David-Bowie/045.jpg
100,David-Bowie/047.jpg,5,18,0.54548705,David-Bowie,47,/workspace/DS4002Project3/DATA/celebrities_all/David-Bowie/047.jpg,116.22173869846002,275x183,White,male,0.0,047.jpg,0,David-Bowie/047.jpg
100,David-Bowie/051.jpg,5,10,0.7282131,David-Bowie,51,/workspace/DS4002Project3/DATA/celebrities_all/David-Bowie/051.jpg,117.52102637205986,276x183,White,male,0.0,051.jpg,0,David-Bowie/051.jpg
100,David-Bowie/061.jpg,5,17,0.9986683,David-Bowie,61,/workspace/DS4002Project3/DATA/celebrities_all/David-Bowie/061.jpg,86.3172439788914,186x271,White,male,37.70556580120466,061.jpg,0,David-Bowie/061.jpg
100,David-Bowie/062.jpg,5,10,0.9146434,David-Bowie,62,/workspace/DS4002Project3/DATA/celebrities_all/David-Bowie/062.jpg,130.27489344831005,285x177,White,male,16.400594993307713,062.jpg,0,David-Bowie/062.jpg
100,David-Bowie/063.jpg,5,15,0.97698873,David-Bowie,63,/workspace/DS4002Project3/DATA/celebrities_all/David-Bowie/063.jpg,145.06198969480778,290x174,White,male,0.0,063.jpg,0,David-Bowie/063.jpg
100,David-Bowie/068.jpg,5,22,0.91767526,David-Bowie,68,/workspace/DS4002Project3/DATA/celebrities_all/David-Bowie/068.jpg,116.92380952380952,300x168,White,male,56.35330295676759,068.jpg,0,David-Bowie/068.jpg
100,David-Bowie/077.jpg,5,24,0.72524697,David-Bowie,77,/workspace/DS4002Project3/DATA/celebrities_all/David-Bowie/077.jpg,41.583703703703705,225x225,White,male,31.96686560816625,077.jpg,0,David-Bowie/077.jpg
100,Donald-Glover/013.jpg,6,24,0.7433077,Donald-Glover,13,/workspace/DS4002Project3/DATA/celebrities_all/Donald-Glover/013.jpg,91.69089285714286,300x168,Black,male,39.31362794323602,013.jpg,0,Donald-Glover/013.jpg
100,Donald-Glover/020.jpg,6,17,0.9717719,Donald-Glover,20,/workspace/DS4002Project3/DATA/celebrities_all/Donald-Glover/020.jpg,101.25646997929609,276x182,Black,male,60.92399963715648,020.jpg,0,Donald-Glover/020.jpg
100,Donald-Glover/031.jpg,6,22,0.9941334,Donald-Glover,31,/workspace/DS4002Project3/DATA/celebrities_all/Donald-Glover/031.jpg,99.39309428950864,251x201,Black,male,0.0,031.jpg,0,Donald-Glover/031.jpg
100,Donald-Glover/063.jpg,6,17,1.0,Donald-Glover,63,/workspace/DS4002Project3/DATA/celebrities_all/Donald-Glover/063.jpg,112.25313670690372,201x251,Black,male,29.475927857131868,063.jpg,0,Donald-Glover/063.jpg
100,Donald-Glover/080.jpg,6,0,0.7386083,Donald-Glover,80,/workspace/DS4002Project3/DATA/celebrities_all/Donald-Glover/080.jpg,207.42386904761904,300x168,Black,male,34.72315845734641,080.jpg,0,Donald-Glover/080.jpg
100,Elizabeth-Olsen/018.jpg,7,16,0.9978313,Elizabeth-Olsen,18,/workspace/DS4002Project3/DATA/celebrities_all/Elizabeth-Olsen/018.jpg,101.92433184302035,275x183,White,female,64.92243055334932,018.jpg,0,Elizabeth-Olsen/018.jpg
100,Elizabeth-Olsen/021.jpg,7,22,0.6165472,Elizabeth-Olsen,21,/workspace/DS4002Project3/DATA/celebrities_all/Elizabeth-Olsen/021.jpg,170.87553256841647,189x267,White,female,45.65030836529282,021.jpg,0,Elizabeth-Olsen/021.jpg
100,Elizabeth-Olsen/024.jpg,7,14,0.34786087,Elizabeth-Olsen,24,/workspace/DS4002Project3/DATA/celebrities_all/Elizabeth-Olsen/024.jpg,60.24188772975658,183x275,White,female,30.85051336970884,024.jpg,0,Elizabeth-Olsen/024.jpg
100,Elizabeth-Olsen/025.jpg,7,11,0.99902546,Elizabeth-Olsen,25,/workspace/DS4002Project3/DATA/celebrities_all/Elizabeth-Olsen/025.jpg,68.32923994038748,275x183,White,female,21.94351760552655,025.jpg,0,Elizabeth-Olsen/025.jpg
100,Elizabeth-Olsen/027.jpg,7,14,0.6438558,Elizabeth-Olsen,27,/workspace/DS4002Project3/DATA/celebrities_all/Elizabeth-Olsen/027.jpg,110.6836562344759,183x275,White,female,37.5792994034647,027.jpg,0,Elizabeth-Olsen/027.jpg
100,Elizabeth-Olsen/041.jpg,7,24,0.9995152,Elizabeth-Olsen,41,/workspace/DS4002Project3/DATA/celebrities_all/Elizabeth-Olsen/041.jpg,108.49874930516954,196x257,White,female,34.02320797454337,041.jpg,0,Elizabeth-Olsen/041.jpg
100,Elizabeth-Olsen/048.jpg,7,2,0.58626413,Elizabeth-Olsen,48,/workspace/DS4002Project3/DATA/celebrities_all/Elizabeth-Olsen/048.jpg,149.3969246031746,300x168,White,female,36.94456754939033,048.jpg,0,Elizabeth-Olsen/048.jpg
100,Elizabeth-Olsen/054.jpg,7,16,0.976102,Elizabeth-Olsen,54,/workspace/DS4002Project3/DATA/celebrities_all/Elizabeth-Olsen/054.jpg,93.37093253968254,300x168,White,female,22.369581615174862,054.jpg,0,Elizabeth-Olsen/054.jpg
100,Elizabeth-Olsen/060.jpg,7,22,0.9935369,Elizabeth-Olsen,60,/workspace/DS4002Project3/DATA/celebrities_all/Elizabeth-Olsen/060.jpg,41.23458765432099,225x225,White,female,50.53738719206553,060.jpg,0,Elizabeth-Olsen/060.jpg
100,Elizabeth-Olsen/067.jpg,7,24,0.9547077,Elizabeth-Olsen,67,/workspace/DS4002Project3/DATA/celebrities_all/Elizabeth-Olsen/067.jpg,84.35811227024342,275x183,White,female,49.92984905081607,067.jpg,0,Elizabeth-Olsen/067.jpg
100,Jackie-Chan/015.jpg,8,5,0.9916897,Jackie-Chan,15,/workspace/DS4002Project3/DATA/celebrities_all/Jackie-Chan/015.jpg,135.8733037037037,225x225,Asian,male,4.653413737946015,015.jpg,0,Jackie-Chan/015.jpg
100,Jackie-Chan/024.jpg,8,14,0.8107516,Jackie-Chan,24,/workspace/DS4002Project3/DATA/celebrities_all/Jackie-Chan/024.jpg,62.68944296660976,283x178,Asian,male,29.29853728711187,024.jpg,0,Jackie-Chan/024.jpg
100,Jackie-Chan/028.jpg,8,22,0.7293516,Jackie-Chan,28,/workspace/DS4002Project3/DATA/celebrities_all/Jackie-Chan/028.jpg,109.89826135281042,268x188,Asian,male,40.48061631106535,028.jpg,0,Jackie-Chan/028.jpg
100,Jackie-Chan/045.jpg,8,14,0.38915557,Jackie-Chan,45,/workspace/DS4002Project3/DATA/celebrities_all/Jackie-Chan/045.jpg,101.80406913580246,225x225,Asian,male,48.24594504554075,045.jpg,0,Jackie-Chan/045.jpg
100,Jackie-Chan/052.jpg,8,5,0.99993503,Jackie-Chan,52,/workspace/DS4002Project3/DATA/celebrities_all/Jackie-Chan/052.jpg,98.30336810730252,183x275,Asian,male,75.06543840027598,052.jpg,0,Jackie-Chan/052.jpg
100,Jackie-Chan/054.jpg,8,22,0.9079279,Jackie-Chan,54,/workspace/DS4002Project3/DATA/celebrities_all/Jackie-Chan/054.jpg,94.6401534628011,262x193,Asian,male,12.908906813259248,054.jpg,0,Jackie-Chan/054.jpg
100,Jackie-Chan/063.jpg,8,21,0.84571517,Jackie-Chan,63,/workspace/DS4002Project3/DATA/celebrities_all/Jackie-Chan/063.jpg,214.01505952380955,300x168,Asian,male,33.26592955043499,063.jpg,0,Jackie-Chan/063.jpg
100,Jackie-Chan/066.jpg,8,21,0.98482764,Jackie-Chan,66,/workspace/DS4002Project3/DATA/celebrities_all/Jackie-Chan/066.jpg,96.41852514410654,195x258,Asian,male,29.610571007521376,066.jpg,0,Jackie-Chan/066.jpg
100,Jackie-Chan/070.jpg,8,5,0.9894593,Jackie-Chan,70,/workspace/DS4002Project3/DATA/celebrities_all/Jackie-Chan/070.jpg,98.3123695976155,183x275,Asian,male,25.740522555251044,070.jpg,0,Jackie-Chan/070.jpg
100,Jim-Carrey/019.jpg,9,14,0.9897461,Jim-Carrey,19,/workspace/DS4002Project3/DATA/celebrities_all/Jim-Carrey/019.jpg,138.10198441103952,198x254,White,male,58.956576266664925,019.jpg,0,Jim-Carrey/019.jpg
100,Jim-Carrey/023.jpg,9,16,0.53640544,Jim-Carrey,23,/workspace/DS4002Project3/DATA/celebrities_all/Jim-Carrey/023.jpg,121.46994047619047,300x168,White,male,104.62863723533832,023.jpg,0,Jim-Carrey/023.jpg
100,Jim-Carrey/024.jpg,9,14,0.98400646,Jim-Carrey,24,/workspace/DS4002Project3/DATA/celebrities_all/Jim-Carrey/024.jpg,82.25147553971084,297x170,White,male,80.55799089050929,024.jpg,0,Jim-Carrey/024.jpg
100,Jim-Carrey/043.jpg,9,10,0.993433,Jim-Carrey,43,/workspace/DS4002Project3/DATA/celebrities_all/Jim-Carrey/043.jpg,148.78320041264928,186x271,White,male,0.0,043.jpg,0,Jim-Carrey/043.jpg
100,Jim-Carrey/047.jpg,9,22,0.96888685,Jim-Carrey,47,/workspace/DS4002Project3/DATA/celebrities_all/Jim-Carrey/047.jpg,19.912375308641977,225x225,White,male,0.0,047.jpg,0,Jim-Carrey/047.jpg
100,Jim-Carrey/052.jpg,9,18,0.44012162,Jim-Carrey,52,/workspace/DS4002Project3/DATA/celebrities_all/Jim-Carrey/052.jpg,117.30460778061224,392x128,White,male,31.36795258218786,052.jpg,0,Jim-Carrey/052.jpg
100,Jim-Carrey/059.jpg,9,22,1.0,Jim-Carrey,59,/workspace/DS4002Project3/DATA/celebrities_all/Jim-Carrey/059.jpg,72.9534823646299,275x183,White,male,35.5650720250826,059.jpg,0,Jim-Carrey/059.jpg
100,Jim-Carrey/067.jpg,9,24,0.6896824,Jim-Carrey,67,/workspace/DS4002Project3/DATA/celebrities_all/Jim-Carrey/067.jpg,129.29063492063491,300x168,White,male,31.44717668564222,067.jpg,0,Jim-Carrey/067.jpg
100,Jim-Carrey/070.jpg,9,2,0.3465019,Jim-Carrey,70,/workspace/DS4002Project3/DATA/celebrities_all/Jim-Carrey/070.jpg,123.74526324116924,318x159,White,male,69.75197106905743,070.jpg,0,Jim-Carrey/070.jpg
100,Jim-Carrey/074.jpg,9,3,0.99902296,Jim-Carrey,74,/workspace/DS4002Project3/DATA/celebrities_all/Jim-Carrey/074.jpg,109.3228893132808,284x177,White,male,34.98558581188921,074.jpg,0,Jim-Carrey/074.jpg
100,John-Lennon/003.jpg,10,5,0.61037713,John-Lennon,3,/workspace/DS4002Project3/DATA/celebrities_all/John-Lennon/003.jpg,145.89305679012347,225x225,White,male,0.0,003.jpg,0,John-Lennon/003.jpg
100,John-Lennon/017.jpg,10,22,0.77911884,John-Lennon,17,/workspace/DS4002Project3/DATA/celebrities_all/John-Lennon/017.jpg,123.8490074074074,225x225,White,male,0.0,017.jpg,0,John-Lennon/017.jpg
100,John-Lennon/028.jpg,10,17,0.7263336,John-Lennon,28,/workspace/DS4002Project3/DATA/celebrities_all/John-Lennon/028.jpg,122.4723950617284,225x225,White,male,33.47570607143132,028.jpg,0,John-Lennon/028.jpg
100,John-Lennon/029.jpg,10,15,0.9960634,John-Lennon,29,/workspace/DS4002Project3/DATA/celebrities_all/John-Lennon/029.jpg,81.24227204237249,181x242,White,male,63.45630187304127,029.jpg,0,John-Lennon/029.jpg
100,John-Lennon/034.jpg,10,14,0.5506753,John-Lennon,34,/workspace/DS4002Project3/DATA/celebrities_all/John-Lennon/034.jpg,119.80403188930195,179x281,White,male,51.28190985316896,034.jpg,0,John-Lennon/034.jpg
100,John-Lennon/055.jpg,10,2,0.9976603,John-Lennon,55,/workspace/DS4002Project3/DATA/celebrities_all/John-Lennon/055.jpg,103.30125,300x168,White,male,37.0014891150982,055.jpg,0,John-Lennon/055.jpg
100,John-Lennon/068.jpg,10,5,0.99982566,John-Lennon,68,/workspace/DS4002Project3/DATA/celebrities_all/John-Lennon/068.jpg,110.29331358024692,225x225,White,male,0.0,068.jpg,0,John-Lennon/068.jpg
100,John-Mulaney/005.jpg,11,12,0.94865716,John-Mulaney,5,/workspace/DS4002Project3/DATA/celebrities_all/John-Mulaney/005.jpg,157.6230303030303,183x275,White,male,83.15925034245312,005.jpg,0,John-Mulaney/005.jpg
100,John-Mulaney/011.jpg,11,17,0.9771723,John-Mulaney,11,/workspace/DS4002Project3/DATA/celebrities_all/John-Mulaney/011.jpg,24.28187946074544,260x194,White,male,16.112069644173488,011.jpg,0,John-Mulaney/011.jpg
100,John-Mulaney/016.jpg,11,22,0.8496594,John-Mulaney,16,/workspace/DS4002Project3/DATA/celebrities_all/John-Mulaney/016.jpg,36.29357980520771,258x195,White,male,20.69914077379448,016.jpg,0,John-Mulaney/016.jpg
100,John-Mulaney/021.jpg,11,4,0.48732948,John-Mulaney,21,/workspace/DS4002Project3/DATA/celebrities_all/John-Mulaney/021.jpg,73.31358171882762,275x183,White,male,43.9663031915514,021.jpg,0,John-Mulaney/021.jpg
100,John-Mulaney/027.jpg,11,3,0.9854828,John-Mulaney,27,/workspace/DS4002Project3/DATA/celebrities_all/John-Mulaney/027.jpg,79.37547938400398,275x183,White,male,70.49855562628696,027.jpg,0,John-Mulaney/027.jpg
100,John-Mulaney/030.jpg,11,14,0.51112825,John-Mulaney,30,/workspace/DS4002Project3/DATA/celebrities_all/John-Mulaney/030.jpg,40.164927968206655,275x183,White,male,36.16323433831906,030.jpg,0,John-Mulaney/030.jpg
100,John-Mulaney/032.jpg,11,2,0.90885705,John-Mulaney,32,/workspace/DS4002Project3/DATA/celebrities_all/John-Mulaney/032.jpg,84.07425185185186,225x225,White,male,70.73281965508862,032.jpg,0,John-Mulaney/032.jpg
100,John-Mulaney/036.jpg,11,14,0.89190006,John-Mulaney,36,/workspace/DS4002Project3/DATA/celebrities_all/John-Mulaney/036.jpg,62.57617021276596,170x235,White,male,56.230172755377374,036.jpg,0,John-Mulaney/036.jpg
100,John-Mulaney/041.jpg,11,18,0.36379346,John-Mulaney,41,/workspace/DS4002Project3/DATA/celebrities_all/John-Mulaney/041.jpg,67.04448412698413,300x168,White,male,87.10819707424389,041.jpg,0,John-Mulaney/041.jpg
100,John-Mulaney/051.jpg,11,24,0.6017558,John-Mulaney,51,/workspace/DS4002Project3/DATA/celebrities_all/John-Mulaney/051.jpg,59.17019259259259,225x225,White,male,39.40177858331815,051.jpg,0,John-Mulaney/051.jpg
100,John-Mulaney/054.jpg,11,24,0.9710822,John-Mulaney,54,/workspace/DS4002Project3/DATA/celebrities_all/John-Mulaney/054.jpg,72.88270243417784,275x183,White,male,30.88702465498465,054.jpg,0,John-Mulaney/054.jpg
100,John-Mulaney/060.jpg,11,18,0.6400319,John-Mulaney,60,/workspace/DS4002Project3/DATA/celebrities_all/John-Mulaney/060.jpg,135.46706408345753,183x275,White,male,61.189746004815774,060.jpg,0,John-Mulaney/060.jpg
100,John-Mulaney/071.jpg,11,10,0.95886856,John-Mulaney,71,/workspace/DS4002Project3/DATA/celebrities_all/John-Mulaney/071.jpg,178.6125782414307,183x275,White,male,27.50499006753271,071.jpg,0,John-Mulaney/071.jpg
100,John-Mulaney/078.jpg,11,22,0.90777344,John-Mulaney,78,/workspace/DS4002Project3/DATA/celebrities_all/John-Mulaney/078.jpg,34.21486338797814,275x183,White,male,28.2867140406981,078.jpg,0,John-Mulaney/078.jpg
100,John-Mulaney/080.jpg,11,12,0.7251397,John-Mulaney,80,/workspace/DS4002Project3/DATA/celebrities_all/John-Mulaney/080.jpg,95.29500248385494,183x275,White,male,39.46854620002685,080.jpg,0,John-Mulaney/080.jpg
100,Lucy-Liu/002.jpg,12,18,0.7064916,Lucy-Liu,2,/workspace/DS4002Project3/DATA/celebrities_all/Lucy-Liu/002.jpg,159.2953893932155,299x168,Asian,female,19.71574121477375,002.jpg,0,Lucy-Liu/002.jpg
100,Lucy-Liu/017.jpg,12,17,0.99942183,Lucy-Liu,17,/workspace/DS4002Project3/DATA/celebrities_all/Lucy-Liu/017.jpg,77.53156470166779,259x194,Asian,female,44.1851924104412,017.jpg,0,Lucy-Liu/017.jpg
100,Lucy-Liu/018.jpg,12,9,0.6354166,Lucy-Liu,18,/workspace/DS4002Project3/DATA/celebrities_all/Lucy-Liu/018.jpg,150.98259314456035,183x275,Asian,female,28.725162433218056,018.jpg,0,Lucy-Liu/018.jpg
100,Lucy-Liu/021.jpg,12,4,0.9982651,Lucy-Liu,21,/workspace/DS4002Project3/DATA/celebrities_all/Lucy-Liu/021.jpg,165.40005153515293,201x251,Asian,female,18.73697105023018,021.jpg,0,Lucy-Liu/021.jpg
100,Lucy-Liu/023.jpg,12,11,0.9258652,Lucy-Liu,23,/workspace/DS4002Project3/DATA/celebrities_all/Lucy-Liu/023.jpg,86.56900149031297,275x183,Asian,female,59.67327928476101,023.jpg,0,Lucy-Liu/023.jpg
100,Lucy-Liu/032.jpg,12,14,0.52506936,Lucy-Liu,32,/workspace/DS4002Project3/DATA/celebrities_all/Lucy-Liu/032.jpg,143.41233979135615,183x275,Asian,female,33.62376085865813,032.jpg,0,Lucy-Liu/032.jpg
100,Lucy-Liu/041.jpg,12,13,0.554352,Lucy-Liu,41,/workspace/DS4002Project3/DATA/celebrities_all/Lucy-Liu/041.jpg,83.07950322901142,183x275,Asian,female,73.90930450897676,041.jpg,0,Lucy-Liu/041.jpg
100,Lucy-Liu/043.jpg,12,14,0.5158963,Lucy-Liu,43,/workspace/DS4002Project3/DATA/celebrities_all/Lucy-Liu/043.jpg,55.627179151544,147x343,Asian,female,74.54358654917222,043.jpg,0,Lucy-Liu/043.jpg
100,Lucy-Liu/058.jpg,12,22,0.9973067,Lucy-Liu,58,/workspace/DS4002Project3/DATA/celebrities_all/Lucy-Liu/058.jpg,50.42849478390462,275x183,Asian,female,17.198479546398993,058.jpg,0,Lucy-Liu/058.jpg
100,Lucy-Liu/065.jpg,12,6,0.7401446,Lucy-Liu,65,/workspace/DS4002Project3/DATA/celebrities_all/Lucy-Liu/065.jpg,152.12396694214877,176x286,Asian,female,38.108539402901926,065.jpg,0,Lucy-Liu/065.jpg
100,Lucy-Liu/066.jpg,12,22,0.9902626,Lucy-Liu,66,/workspace/DS4002Project3/DATA/celebrities_all/Lucy-Liu/066.jpg,124.86450074515648,183x275,Asian,female,16.267364730713293,066.jpg,0,Lucy-Liu/066.jpg
100,Lucy-Liu/069.jpg,12,10,0.8489879,Lucy-Liu,69,/workspace/DS4002Project3/DATA/celebrities_all/Lucy-Liu/069.jpg,65.00202682563338,183x275,Asian,female,0.0,069.jpg,0,Lucy-Liu/069.jpg
100,Lucy-Liu/071.jpg,12,14,0.9965964,Lucy-Liu,71,/workspace/DS4002Project3/DATA/celebrities_all/Lucy-Liu/071.jpg,135.98674615002483,183x275,Asian,female,27.815978095804688,071.jpg,0,Lucy-Liu/071.jpg
100,Lucy-Liu/075.jpg,12,4,0.61273974,Lucy-Liu,75,/workspace/DS4002Project3/DATA/celebrities_all/Lucy-Liu/075.jpg,74.13386984600099,183x275,Asian,female,84.30471463369456,075.jpg,0,Lucy-Liu/075.jpg
100,Lucy-Liu/079.jpg,12,11,0.9109043,Lucy-Liu,79,/workspace/DS4002Project3/DATA/celebrities_all/Lucy-Liu/079.jpg,73.3582871835443,158x320,Asian,female,31.616641337871183,079.jpg,0,Lucy-Liu/079.jpg
100,Lucy-Liu/080.jpg,12,22,0.9657277,Lucy-Liu,80,/workspace/DS4002Project3/DATA/celebrities_all/Lucy-Liu/080.jpg,150.83086024058247,351x144,Asian,female,37.986136964450296,080.jpg,0,Lucy-Liu/080.jpg
100,Margot-Robbie/015.jpg,13,5,0.6002326,Margot-Robbie,15,/workspace/DS4002Project3/DATA/celebrities_all/Margot-Robbie/015.jpg,99.3275882657326,259x194,White,female,32.8602325127427,015.jpg,0,Margot-Robbie/015.jpg
100,Margot-Robbie/020.jpg,13,2,0.2939025,Margot-Robbie,20,/workspace/DS4002Project3/DATA/celebrities_all/Margot-Robbie/020.jpg,172.9269246031746,224x225,White,female,61.17350722303875,020.jpg,0,Margot-Robbie/020.jpg
100,Margot-Robbie/021.jpg,13,21,0.99960357,Margot-Robbie,21,/workspace/DS4002Project3/DATA/celebrities_all/Margot-Robbie/021.jpg,125.83257021664583,201x251,White,female,36.72195248456521,021.jpg,0,Margot-Robbie/021.jpg
100,Margot-Robbie/022.jpg,13,2,0.8879582,Margot-Robbie,22,/workspace/DS4002Project3/DATA/celebrities_all/Margot-Robbie/022.jpg,143.72488822652758,275x183,White,female,21.3787822283614,022.jpg,0,Margot-Robbie/022.jpg
100,Margot-Robbie/066.jpg,13,5,0.8507816,Margot-Robbie,66,/workspace/DS4002Project3/DATA/celebrities_all/Margot-Robbie/066.jpg,177.39012807988712,249x148,White,female,78.7413909851403,066.jpg,0,Margot-Robbie/066.jpg
100,Mariah-Carey/008.jpg,14,17,0.8896107,Mariah-Carey,8,/workspace/DS4002Project3/DATA/celebrities_all/Mariah-Carey/008.jpg,55.291269841269845,300x168,Black-White,,39.383167946024905,008.jpg,0,Mariah-Carey/008.jpg
100,Mariah-Carey/012.jpg,14,16,0.49094152,Mariah-Carey,12,/workspace/DS4002Project3/DATA/celebrities_all/Mariah-Carey/012.jpg,141.52954074074074,225x225,Black-White,,23.715801861883783,012.jpg,0,Mariah-Carey/012.jpg
100,Mariah-Carey/018.jpg,14,13,0.7952608,Mariah-Carey,18,/workspace/DS4002Project3/DATA/celebrities_all/Mariah-Carey/018.jpg,114.82142998613588,187x270,Black-White,,105.30267582090931,018.jpg,0,Mariah-Carey/018.jpg
100,Mariah-Carey/022.jpg,14,7,0.97401774,Mariah-Carey,22,/workspace/DS4002Project3/DATA/celebrities_all/Mariah-Carey/022.jpg,180.2181126241304,201x251,Black-White,,37.68998495531897,022.jpg,0,Mariah-Carey/022.jpg
100,Mariah-Carey/029.jpg,14,1,0.5366706,Mariah-Carey,29,/workspace/DS4002Project3/DATA/celebrities_all/Mariah-Carey/029.jpg,139.4958193979933,299x168,Black-White,,63.68227487197004,029.jpg,0,Mariah-Carey/029.jpg
100,Mariah-Carey/030.jpg,14,24,0.80203104,Mariah-Carey,30,/workspace/DS4002Project3/DATA/celebrities_all/Mariah-Carey/030.jpg,79.69307381593538,236x214,Black-White,,17.181100040962164,030.jpg,0,Mariah-Carey/030.jpg
100,Mariah-Carey/032.jpg,14,0,0.7365975,Mariah-Carey,32,/workspace/DS4002Project3/DATA/celebrities_all/Mariah-Carey/032.jpg,51.85113095238096,225x224,Black-White,,90.65684766894071,032.jpg,0,Mariah-Carey/032.jpg
100,Mariah-Carey/033.jpg,14,20,0.95822704,Mariah-Carey,33,/workspace/DS4002Project3/DATA/celebrities_all/Mariah-Carey/033.jpg,221.1051851851852,225x225,Black-White,,56.36532676636033,033.jpg,0,Mariah-Carey/033.jpg
100,Mariah-Carey/040.jpg,14,10,0.999841,Mariah-Carey,40,/workspace/DS4002Project3/DATA/celebrities_all/Mariah-Carey/040.jpg,150.3168024419734,201x251,Black-White,,0.0,040.jpg,0,Mariah-Carey/040.jpg
100,Mariah-Carey/046.jpg,14,13,0.9964635,Mariah-Carey,46,/workspace/DS4002Project3/DATA/celebrities_all/Mariah-Carey/046.jpg,109.938127090301,299x168,Black-White,,83.18050657877018,046.jpg,0,Mariah-Carey/046.jpg
100,Mariah-Carey/059.jpg,14,9,0.9506546,Mariah-Carey,59,/workspace/DS4002Project3/DATA/celebrities_all/Mariah-Carey/059.jpg,119.4593486223921,276x182,Black-White,,83.51734049157604,059.jpg,0,Mariah-Carey/059.jpg
100,Mariah-Carey/061.jpg,14,8,0.99950683,Mariah-Carey,61,/workspace/DS4002Project3/DATA/celebrities_all/Mariah-Carey/061.jpg,33.22099469390987,183x276,Black-White,,0.0,061.jpg,0,Mariah-Carey/061.jpg
100,Mariah-Carey/064.jpg,14,13,0.5267658,Mariah-Carey,64,/workspace/DS4002Project3/DATA/celebrities_all/Mariah-Carey/064.jpg,74.43251984126984,300x168,Black-White,,36.36546311249527,064.jpg,0,Mariah-Carey/064.jpg
100,Mariah-Carey/066.jpg,14,17,0.9679068,Mariah-Carey,66,/workspace/DS4002Project3/DATA/celebrities_all/Mariah-Carey/066.jpg,118.69017283950618,225x225,Black-White,,36.81725615928144,066.jpg,0,Mariah-Carey/066.jpg
100,Mariah-Carey/075.jpg,14,1,0.50082064,Mariah-Carey,75,/workspace/DS4002Project3/DATA/celebrities_all/Mariah-Carey/075.jpg,95.40035767511178,275x183,Black-White,,38.54940100524899,075.jpg,0,Mariah-Carey/075.jpg
100,Matt-Damon/007.jpg,15,3,0.7713942,Matt-Damon,7,/workspace/DS4002Project3/DATA/celebrities_all/Matt-Damon/007.jpg,98.56494047619049,300x168,White,male,71.36342612131057,007.jpg,0,Matt-Damon/007.jpg
100,Matt-Damon/021.jpg,15,5,0.61562675,Matt-Damon,21,/workspace/DS4002Project3/DATA/celebrities_all/Matt-Damon/021.jpg,79.53679085941381,183x275,White,male,27.80209991055917,021.jpg,0,Matt-Damon/021.jpg
100,Matt-Damon/037.jpg,15,6,0.7194033,Matt-Damon,37,/workspace/DS4002Project3/DATA/celebrities_all/Matt-Damon/037.jpg,94.21545393195984,311x162,White,male,0.0,037.jpg,0,Matt-Damon/037.jpg
100,Matt-Damon/068.jpg,15,5,0.96309674,Matt-Damon,68,/workspace/DS4002Project3/DATA/celebrities_all/Matt-Damon/068.jpg,95.883862497016,284x177,White,male,26.68290315532807,068.jpg,0,Matt-Damon/068.jpg
100,Maya-Rudolph/010.jpg,16,11,0.9999962,Maya-Rudolph,10,/workspace/DS4002Project3/DATA/celebrities_all/Maya-Rudolph/010.jpg,87.72472098765432,225x225,Black-White,,68.1898023153279,010.jpg,0,Maya-Rudolph/010.jpg
100,Maya-Rudolph/030.jpg,16,15,0.993095,Maya-Rudolph,30,/workspace/DS4002Project3/DATA/celebrities_all/Maya-Rudolph/030.jpg,101.32341728395062,225x225,Black-White,,24.770208298719915,030.jpg,0,Maya-Rudolph/030.jpg
100,Maya-Rudolph/040.jpg,16,0,0.9999839,Maya-Rudolph,40,/workspace/DS4002Project3/DATA/celebrities_all/Maya-Rudolph/040.jpg,174.7815476190476,300x168,Black-White,,38.013907648101046,040.jpg,0,Maya-Rudolph/040.jpg
100,Maya-Rudolph/054.jpg,16,8,0.9698626,Maya-Rudolph,54,/workspace/DS4002Project3/DATA/celebrities_all/Maya-Rudolph/054.jpg,114.25087708866027,201x251,Black-White,,117.06861467452148,054.jpg,0,Maya-Rudolph/054.jpg
100,Maya-Rudolph/055.jpg,16,8,0.9698626,Maya-Rudolph,55,/workspace/DS4002Project3/DATA/celebrities_all/Maya-Rudolph/055.jpg,114.25087708866027,201x251,Black-White,,117.06861467452148,055.jpg,0,Maya-Rudolph/055.jpg
100,Maya-Rudolph/059.jpg,16,24,0.88874227,Maya-Rudolph,59,/workspace/DS4002Project3/DATA/celebrities_all/Maya-Rudolph/059.jpg,129.23680402767042,201x251,Black-White,,32.2444848913506,059.jpg,0,Maya-Rudolph/059.jpg
100,Maya-Rudolph/063.jpg,16,13,0.41836265,Maya-Rudolph,63,/workspace/DS4002Project3/DATA/celebrities_all/Maya-Rudolph/063.jpg,95.3516472637998,183x276,Black-White,,36.783907233314885,063.jpg,0,Maya-Rudolph/063.jpg
100,Maya-Rudolph/064.jpg,16,22,0.62868464,Maya-Rudolph,64,/workspace/DS4002Project3/DATA/celebrities_all/Maya-Rudolph/064.jpg,146.6260710885433,184x274,Black-White,,25.41092666784889,064.jpg,0,Maya-Rudolph/064.jpg
100,Maya-Rudolph/065.jpg,16,5,0.700587,Maya-Rudolph,65,/workspace/DS4002Project3/DATA/celebrities_all/Maya-Rudolph/065.jpg,91.55721393034824,201x251,Black-White,,29.6675715786688,065.jpg,0,Maya-Rudolph/065.jpg
100,Maya-Rudolph/074.jpg,16,8,0.9930326,Maya-Rudolph,74,/workspace/DS4002Project3/DATA/celebrities_all/Maya-Rudolph/074.jpg,84.77676587301588,300x168,Black-White,,41.64181355278601,074.jpg,0,Maya-Rudolph/074.jpg
100,Maya-Rudolph/075.jpg,16,22,0.9947131,Maya-Rudolph,75,/workspace/DS4002Project3/DATA/celebrities_all/Maya-Rudolph/075.jpg,111.865434674615,183x275,Black-White,,39.64434007976875,075.jpg,0,Maya-Rudolph/075.jpg
100,Maya-Rudolph/076.jpg,16,14,0.5022986,Maya-Rudolph,76,/workspace/DS4002Project3/DATA/celebrities_all/Maya-Rudolph/076.jpg,90.7792349726776,275x183,Black-White,,102.54574652307868,076.jpg,0,Maya-Rudolph/076.jpg
100,Maya-Rudolph/077.jpg,16,8,0.5230196,Maya-Rudolph,77,/workspace/DS4002Project3/DATA/celebrities_all/Maya-Rudolph/077.jpg,96.2780129160457,183x275,Black-White,,78.58008327945052,077.jpg,0,Maya-Rudolph/077.jpg
100,Maya-Rudolph/078.jpg,16,21,0.4927669,Maya-Rudolph,78,/workspace/DS4002Project3/DATA/celebrities_all/Maya-Rudolph/078.jpg,119.80705414803776,275x183,Black-White,,72.90922986375688,078.jpg,0,Maya-Rudolph/078.jpg
100,Morgan-Freeman/028.jpg,17,24,0.9761372,Morgan-Freeman,28,/workspace/DS4002Project3/DATA/celebrities_all/Morgan-Freeman/028.jpg,48.77961778362329,389x129,Black,male,30.44925986670568,028.jpg,0,Morgan-Freeman/028.jpg
100,Morgan-Freeman/033.jpg,17,24,0.488988,Morgan-Freeman,33,/workspace/DS4002Project3/DATA/celebrities_all/Morgan-Freeman/033.jpg,47.30675782798256,290x174,Black,male,36.52113127020117,033.jpg,0,Morgan-Freeman/033.jpg
100,Morgan-Freeman/063.jpg,17,13,0.82274294,Morgan-Freeman,63,/workspace/DS4002Project3/DATA/celebrities_all/Morgan-Freeman/063.jpg,77.80161975308641,225x225,Black,male,27.07067828550525,063.jpg,0,Morgan-Freeman/063.jpg
100,Olivia-Rodrigo/002.jpg,18,0,0.8206453,Olivia-Rodrigo,2,/workspace/DS4002Project3/DATA/celebrities_all/Olivia-Rodrigo/002.jpg,157.90809173003802,192x263,Asian-White,female,19.464091678807044,002.jpg,0,Olivia-Rodrigo/002.jpg
100,Olivia-Rodrigo/013.jpg,18,22,0.99985576,Olivia-Rodrigo,13,/workspace/DS4002Project3/DATA/celebrities_all/Olivia-Rodrigo/013.jpg,91.14002962962962,225x225,Asian-White,female,19.08126368938714,013.jpg,0,Olivia-Rodrigo/013.jpg
100,Olivia-Rodrigo/016.jpg,18,19,0.48026153,Olivia-Rodrigo,16,/workspace/DS4002Project3/DATA/celebrities_all/Olivia-Rodrigo/016.jpg,220.1800888888889,225x225,Asian-White,female,26.74071039768891,016.jpg,0,Olivia-Rodrigo/016.jpg
100,Olivia-Rodrigo/021.jpg,18,15,0.49665475,Olivia-Rodrigo,21,/workspace/DS4002Project3/DATA/celebrities_all/Olivia-Rodrigo/021.jpg,150.50522821246818,192x262,Asian-White,female,53.99048062344954,021.jpg,0,Olivia-Rodrigo/021.jpg
100,Olivia-Rodrigo/023.jpg,18,10,0.84191483,Olivia-Rodrigo,23,/workspace/DS4002Project3/DATA/celebrities_all/Olivia-Rodrigo/023.jpg,152.39876778002298,282x179,Asian-White,female,18.918701577422866,023.jpg,0,Olivia-Rodrigo/023.jpg
100,Olivia-Rodrigo/024.jpg,18,20,0.5547744,Olivia-Rodrigo,24,/workspace/DS4002Project3/DATA/celebrities_all/Olivia-Rodrigo/024.jpg,53.269451851851855,225x225,Asian-White,female,24.959552429725782,024.jpg,0,Olivia-Rodrigo/024.jpg
100,Olivia-Rodrigo/042.jpg,18,24,0.39097378,Olivia-Rodrigo,42,/workspace/DS4002Project3/DATA/celebrities_all/Olivia-Rodrigo/042.jpg,117.91112299041735,183x276,Asian-White,female,32.94613636132068,042.jpg,0,Olivia-Rodrigo/042.jpg
100,Olivia-Rodrigo/043.jpg,18,11,0.9208456,Olivia-Rodrigo,43,/workspace/DS4002Project3/DATA/celebrities_all/Olivia-Rodrigo/043.jpg,67.42199701937407,183x275,Asian-White,female,75.52314162183052,043.jpg,0,Olivia-Rodrigo/043.jpg
100,Olivia-Rodrigo/047.jpg,18,22,0.6987108,Olivia-Rodrigo,47,/workspace/DS4002Project3/DATA/celebrities_all/Olivia-Rodrigo/047.jpg,184.91111376482763,318x158,Asian-White,female,22.522694744018,047.jpg,0,Olivia-Rodrigo/047.jpg
100,Olivia-Rodrigo/048.jpg,18,22,0.99670583,Olivia-Rodrigo,48,/workspace/DS4002Project3/DATA/celebrities_all/Olivia-Rodrigo/048.jpg,59.933666361501416,194x259,Asian-White,female,98.65275633695312,048.jpg,0,Olivia-Rodrigo/048.jpg
100,Olivia-Rodrigo/056.jpg,18,17,0.99059373,Olivia-Rodrigo,56,/workspace/DS4002Project3/DATA/celebrities_all/Olivia-Rodrigo/056.jpg,74.20598112270244,183x275,Asian-White,female,23.37270375777504,056.jpg,0,Olivia-Rodrigo/056.jpg
100,Olivia-Rodrigo/057.jpg,18,17,0.9953804,Olivia-Rodrigo,57,/workspace/DS4002Project3/DATA/celebrities_all/Olivia-Rodrigo/057.jpg,95.18124825856783,259x194,Asian-White,female,17.063288216619682,057.jpg,0,Olivia-Rodrigo/057.jpg
100,Olivia-Rodrigo/058.jpg,18,14,0.49000183,Olivia-Rodrigo,58,/workspace/DS4002Project3/DATA/celebrities_all/Olivia-Rodrigo/058.jpg,54.39362146050671,183x275,Asian-White,female,36.204432969874254,058.jpg,0,Olivia-Rodrigo/058.jpg
100,Olivia-Rodrigo/060.jpg,18,22,0.35570782,Olivia-Rodrigo,60,/workspace/DS4002Project3/DATA/celebrities_all/Olivia-Rodrigo/060.jpg,40.465178571428574,300x168,Asian-White,female,24.94390142956236,060.jpg,0,Olivia-Rodrigo/060.jpg
100,Olivia-Rodrigo/062.jpg,18,22,0.6018876,Olivia-Rodrigo,62,/workspace/DS4002Project3/DATA/celebrities_all/Olivia-Rodrigo/062.jpg,64.48825679012346,225x225,Asian-White,female,32.879872219728014,062.jpg,0,Olivia-Rodrigo/062.jpg
100,Olivia-Rodrigo/066.jpg,18,11,0.9712109,Olivia-Rodrigo,66,/workspace/DS4002Project3/DATA/celebrities_all/Olivia-Rodrigo/066.jpg,19.71169398907104,275x183,Asian-White,female,29.03491930578904,066.jpg,0,Olivia-Rodrigo/066.jpg
100,Olivia-Rodrigo/068.jpg,18,20,0.98839265,Olivia-Rodrigo,68,/workspace/DS4002Project3/DATA/celebrities_all/Olivia-Rodrigo/068.jpg,84.12299900695135,265x190,Asian-White,female,22.317469170877125,068.jpg,0,Olivia-Rodrigo/068.jpg
100,Olivia-Rodrigo/069.jpg,18,15,0.33540955,Olivia-Rodrigo,69,/workspace/DS4002Project3/DATA/celebrities_all/Olivia-Rodrigo/069.jpg,87.36265716265716,273x185,Asian-White,female,36.87440221848421,069.jpg,0,Olivia-Rodrigo/069.jpg
100,Olivia-Rodrigo/075.jpg,18,7,0.5109559,Olivia-Rodrigo,75,/workspace/DS4002Project3/DATA/celebrities_all/Olivia-Rodrigo/075.jpg,149.11973621484188,203x248,Asian-White,female,35.9130323082473,075.jpg,0,Olivia-Rodrigo/075.jpg
100,Olivia-Rodrigo/079.jpg,18,13,0.7009814,Olivia-Rodrigo,79,/workspace/DS4002Project3/DATA/celebrities_all/Olivia-Rodrigo/079.jpg,88.05032827084322,301x168,Asian-White,female,43.03449719312618,079.jpg,0,Olivia-Rodrigo/079.jpg
100,Pedro-Pascal/035.jpg,19,10,0.78443724,Pedro-Pascal,35,/workspace/DS4002Project3/DATA/celebrities_all/Pedro-Pascal/035.jpg,90.8760167026182,299x169,White,male,19.116193714717287,035.jpg,0,Pedro-Pascal/035.jpg
100,Pedro-Pascal/036.jpg,19,10,0.9628558,Pedro-Pascal,36,/workspace/DS4002Project3/DATA/celebrities_all/Pedro-Pascal/036.jpg,37.50046696472926,183x275,White,male,20.30860233940774,036.jpg,0,Pedro-Pascal/036.jpg
100,Pedro-Pascal/040.jpg,19,4,0.62531424,Pedro-Pascal,40,/workspace/DS4002Project3/DATA/celebrities_all/Pedro-Pascal/040.jpg,139.12698412698413,224x225,White,male,11.211886747724677,040.jpg,0,Pedro-Pascal/040.jpg
100,Pedro-Pascal/046.jpg,19,14,0.85522527,Pedro-Pascal,46,/workspace/DS4002Project3/DATA/celebrities_all/Pedro-Pascal/046.jpg,87.77149491902192,188x268,White,male,20.52480608125379,046.jpg,0,Pedro-Pascal/046.jpg
100,Pedro-Pascal/051.jpg,19,17,0.31077918,Pedro-Pascal,51,/workspace/DS4002Project3/DATA/celebrities_all/Pedro-Pascal/051.jpg,112.37402881271734,275x183,White,male,66.51004727871559,051.jpg,0,Pedro-Pascal/051.jpg
100,Pedro-Pascal/056.jpg,19,20,0.5701593,Pedro-Pascal,56,/workspace/DS4002Project3/DATA/celebrities_all/Pedro-Pascal/056.jpg,121.89472429210134,183x275,White,male,19.07091602717481,056.jpg,0,Pedro-Pascal/056.jpg
100,Pedro-Pascal/059.jpg,19,13,0.4402882,Pedro-Pascal,59,/workspace/DS4002Project3/DATA/celebrities_all/Pedro-Pascal/059.jpg,81.11713859910581,183x275,White,male,68.7183897325437,059.jpg,0,Pedro-Pascal/059.jpg
100,Pedro-Pascal/063.jpg,19,22,0.9905558,Pedro-Pascal,63,/workspace/DS4002Project3/DATA/celebrities_all/Pedro-Pascal/063.jpg,54.41414803775459,183x275,White,male,28.00301434680543,063.jpg,0,Pedro-Pascal/063.jpg
100,Pedro-Pascal/071.jpg,19,18,0.54441947,Pedro-Pascal,71,/workspace/DS4002Project3/DATA/celebrities_all/Pedro-Pascal/071.jpg,168.84155952712655,259x194,White,male,52.1577723554112,071.jpg,0,Pedro-Pascal/071.jpg
100,Priyanka-Chopra/008.jpg,20,2,0.98363703,Priyanka-Chopra,8,/workspace/DS4002Project3/DATA/celebrities_all/Priyanka-Chopra/008.jpg,114.73027570316223,203x248,Asian,,71.89869935504083,008.jpg,0,Priyanka-Chopra/008.jpg
100,Priyanka-Chopra/016.jpg,20,8,0.952491,Priyanka-Chopra,16,/workspace/DS4002Project3/DATA/celebrities_all/Priyanka-Chopra/016.jpg,76.51556956254583,201x251,Asian,,19.11211246790669,016.jpg,0,Priyanka-Chopra/016.jpg
100,Priyanka-Chopra/017.jpg,20,14,0.41399893,Priyanka-Chopra,17,/workspace/DS4002Project3/DATA/celebrities_all/Priyanka-Chopra/017.jpg,111.68022437612731,201x251,Asian,,45.11031581584588,017.jpg,0,Priyanka-Chopra/017.jpg
100,Priyanka-Chopra/019.jpg,20,14,0.92539823,Priyanka-Chopra,19,/workspace/DS4002Project3/DATA/celebrities_all/Priyanka-Chopra/019.jpg,101.8763045540797,170x248,Asian,,73.29372816594294,019.jpg,0,Priyanka-Chopra/019.jpg
100,Priyanka-Chopra/023.jpg,20,14,0.9978453,Priyanka-Chopra,23,/workspace/DS4002Project3/DATA/celebrities_all/Priyanka-Chopra/023.jpg,50.64382991376747,177x285,Asian,,84.72091174894324,023.jpg,0,Priyanka-Chopra/023.jpg
100,Priyanka-Chopra/033.jpg,20,17,0.40113544,Priyanka-Chopra,33,/workspace/DS4002Project3/DATA/celebrities_all/Priyanka-Chopra/033.jpg,115.40820665673124,183x275,Asian,,40.7130774592702,033.jpg,0,Priyanka-Chopra/033.jpg
100,Priyanka-Chopra/037.jpg,20,14,0.7929225,Priyanka-Chopra,37,/workspace/DS4002Project3/DATA/celebrities_all/Priyanka-Chopra/037.jpg,79.30877297565821,183x275,Asian,,87.89700880823956,037.jpg,0,Priyanka-Chopra/037.jpg
100,Priyanka-Chopra/040.jpg,20,8,0.922177,Priyanka-Chopra,40,/workspace/DS4002Project3/DATA/celebrities_all/Priyanka-Chopra/040.jpg,108.4081470442126,275x183,Asian,,76.33525146442491,040.jpg,0,Priyanka-Chopra/040.jpg
100,Priyanka-Chopra/042.jpg,20,0,0.8240557,Priyanka-Chopra,42,/workspace/DS4002Project3/DATA/celebrities_all/Priyanka-Chopra/042.jpg,104.05997019374068,183x275,Asian,,21.05318582102426,042.jpg,0,Priyanka-Chopra/042.jpg
100,Priyanka-Chopra/048.jpg,20,13,0.99996066,Priyanka-Chopra,48,/workspace/DS4002Project3/DATA/celebrities_all/Priyanka-Chopra/048.jpg,128.90728174603174,300x168,Asian,,28.14905483260143,048.jpg,0,Priyanka-Chopra/048.jpg
100,Priyanka-Chopra/050.jpg,20,19,0.9954666,Priyanka-Chopra,50,/workspace/DS4002Project3/DATA/celebrities_all/Priyanka-Chopra/050.jpg,127.19962245404868,275x183,Asian,,28.596950914607795,050.jpg,0,Priyanka-Chopra/050.jpg
100,Priyanka-Chopra/053.jpg,20,22,0.99994195,Priyanka-Chopra,53,/workspace/DS4002Project3/DATA/celebrities_all/Priyanka-Chopra/053.jpg,70.6450668896321,299x168,Asian,,24.09777070347753,053.jpg,0,Priyanka-Chopra/053.jpg
100,Priyanka-Chopra/056.jpg,20,5,0.9919958,Priyanka-Chopra,56,/workspace/DS4002Project3/DATA/celebrities_all/Priyanka-Chopra/056.jpg,52.46092399403875,183x275,Asian,,29.679288142797137,056.jpg,0,Priyanka-Chopra/056.jpg
100,Priyanka-Chopra/063.jpg,20,0,0.5105866,Priyanka-Chopra,63,/workspace/DS4002Project3/DATA/celebrities_all/Priyanka-Chopra/063.jpg,97.9187950617284,225x225,Asian,,78.80677975958307,063.jpg,0,Priyanka-Chopra/063.jpg
100,Priyanka-Chopra/067.jpg,20,22,0.635296,Priyanka-Chopra,67,/workspace/DS4002Project3/DATA/celebrities_all/Priyanka-Chopra/067.jpg,190.2075494094605,249x203,Asian,,80.06042942623768,067.jpg,0,Priyanka-Chopra/067.jpg
100,Priyanka-Chopra/068.jpg,20,8,0.7653096,Priyanka-Chopra,68,/workspace/DS4002Project3/DATA/celebrities_all/Priyanka-Chopra/068.jpg,124.9289585063882,318x159,Asian,,34.58900853075155,068.jpg,0,Priyanka-Chopra/068.jpg
100,Priyanka-Chopra/074.jpg,20,0,0.364397,Priyanka-Chopra,74,/workspace/DS4002Project3/DATA/celebrities_all/Priyanka-Chopra/074.jpg,103.454126984127,168x300,Asian,,99.7907975091215,074.jpg,0,Priyanka-Chopra/074.jpg
100,Priyanka-Chopra/076.jpg,20,8,0.7699533,Priyanka-Chopra,76,/workspace/DS4002Project3/DATA/celebrities_all/Priyanka-Chopra/076.jpg,132.9253589652308,159x318,Asian,,43.96798937660597,076.jpg,0,Priyanka-Chopra/076.jpg
100,Priyanka-Chopra/077.jpg,20,2,0.88312703,Priyanka-Chopra,77,/workspace/DS4002Project3/DATA/celebrities_all/Priyanka-Chopra/077.jpg,224.0690794712534,299x168,Asian,,17.417554135430702,077.jpg,0,Priyanka-Chopra/077.jpg
100,Priyanka-Chopra/078.jpg,20,16,0.5228087,Priyanka-Chopra,78,/workspace/DS4002Project3/DATA/celebrities_all/Priyanka-Chopra/078.jpg,147.8586945749341,201x251,Asian,,103.00840869418114,078.jpg,0,Priyanka-Chopra/078.jpg
100,Ryan-Gosling/032.jpg,21,24,0.98299855,Ryan-Gosling,32,/workspace/DS4002Project3/DATA/celebrities_all/Ryan-Gosling/032.jpg,53.8952974952975,273x185,White,male,32.66374677514282,032.jpg,0,Ryan-Gosling/032.jpg
100,Ryan-Gosling/040.jpg,21,2,0.9986749,Ryan-Gosling,40,/workspace/DS4002Project3/DATA/celebrities_all/Ryan-Gosling/040.jpg,169.62667194301542,266x190,White,male,39.25670241942367,040.jpg,0,Ryan-Gosling/040.jpg
100,Ryan-Gosling/047.jpg,21,11,0.99463356,Ryan-Gosling,47,/workspace/DS4002Project3/DATA/celebrities_all/Ryan-Gosling/047.jpg,68.91377562178174,179x281,White,male,42.41720901209402,047.jpg,0,Ryan-Gosling/047.jpg
100,Ryan-Gosling/049.jpg,21,1,0.58290607,Ryan-Gosling,49,/workspace/DS4002Project3/DATA/celebrities_all/Ryan-Gosling/049.jpg,134.82865375062096,275x183,White,male,32.7249175265469,049.jpg,0,Ryan-Gosling/049.jpg
100,Ryan-Gosling/073.jpg,21,13,0.8592522,Ryan-Gosling,73,/workspace/DS4002Project3/DATA/celebrities_all/Ryan-Gosling/073.jpg,102.55374068554396,275x183,White,male,31.42961568992483,073.jpg,0,Ryan-Gosling/073.jpg
100,Ryan-Gosling/077.jpg,21,11,0.9959566,Ryan-Gosling,77,/workspace/DS4002Project3/DATA/celebrities_all/Ryan-Gosling/077.jpg,67.97797619047618,300x168,White,male,39.901537376511655,077.jpg,0,Ryan-Gosling/077.jpg
100,SZA/002.jpg,22,2,0.69548094,SZA,2,/workspace/DS4002Project3/DATA/celebrities_all/SZA/002.jpg,100.4053373015873,300x168,Black,female,52.48335965661825,002.jpg,0,SZA/002.jpg
100,SZA/003.jpg,22,9,0.90664494,SZA,3,/workspace/DS4002Project3/DATA/celebrities_all/SZA/003.jpg,100.5394370122631,276x182,Black,female,23.669453516369405,003.jpg,0,SZA/003.jpg
100,SZA/013.jpg,22,2,0.9892313,SZA,13,/workspace/DS4002Project3/DATA/celebrities_all/SZA/013.jpg,70.31628415300547,275x183,Black,female,30.94010736279177,013.jpg,0,SZA/013.jpg
100,SZA/015.jpg,22,2,0.9660755,SZA,15,/workspace/DS4002Project3/DATA/celebrities_all/SZA/015.jpg,199.31385679012345,225x225,Black,female,45.375230990021954,015.jpg,0,SZA/015.jpg
100,SZA/019.jpg,22,19,0.9165155,SZA,19,/workspace/DS4002Project3/DATA/celebrities_all/SZA/019.jpg,95.35626666666668,225x225,Black,female,36.16693724998218,019.jpg,0,SZA/019.jpg
100,SZA/023.jpg,22,6,0.94507337,SZA,23,/workspace/DS4002Project3/DATA/celebrities_all/SZA/023.jpg,135.62845238095238,300x168,Black,female,53.53822826243779,023.jpg,0,SZA/023.jpg
100,SZA/024.jpg,22,2,0.9999962,SZA,24,/workspace/DS4002Project3/DATA/celebrities_all/SZA/024.jpg,115.89719700589266,299x168,Black,female,48.74349108562586,024.jpg,0,SZA/024.jpg
100,SZA/025.jpg,22,2,0.50325555,SZA,25,/workspace/DS4002Project3/DATA/celebrities_all/SZA/025.jpg,106.45067441952456,318x159,Black,female,48.14841521149962,025.jpg,0,SZA/025.jpg
100,SZA/029.jpg,22,2,0.6279318,SZA,29,/workspace/DS4002Project3/DATA/celebrities_all/SZA/029.jpg,169.72461903819513,310x163,Black,female,34.6861460825299,029.jpg,0,SZA/029.jpg
100,SZA/030.jpg,22,2,0.53811944,SZA,30,/workspace/DS4002Project3/DATA/celebrities_all/SZA/030.jpg,92.38727337644303,277x182,Black,female,25.88218593192032,030.jpg,0,SZA/030.jpg
100,SZA/050.jpg,22,2,0.43954638,SZA,50,/workspace/DS4002Project3/DATA/celebrities_all/SZA/050.jpg,93.79565476190476,300x168,Black,female,27.06967531142252,050.jpg,0,SZA/050.jpg
100,SZA/052.jpg,22,20,0.33984953,SZA,52,/workspace/DS4002Project3/DATA/celebrities_all/SZA/052.jpg,57.79409836065574,275x183,Black,female,55.04392681002588,052.jpg,0,SZA/052.jpg
100,SZA/053.jpg,22,2,0.89827716,SZA,53,/workspace/DS4002Project3/DATA/celebrities_all/SZA/053.jpg,164.07227673704034,295x171,Black,female,1.7313725309500865,053.jpg,0,SZA/053.jpg
100,SZA/054.jpg,22,2,0.9690286,SZA,54,/workspace/DS4002Project3/DATA/celebrities_all/SZA/054.jpg,143.53296703296704,168x299,Black,female,71.45997171738784,054.jpg,0,SZA/054.jpg
100,SZA/059.jpg,22,2,0.824965,SZA,59,/workspace/DS4002Project3/DATA/celebrities_all/SZA/059.jpg,80.87589061815866,259x194,Black,female,41.14133938854831,059.jpg,0,SZA/059.jpg
100,SZA/062.jpg,22,2,0.9999076,SZA,62,/workspace/DS4002Project3/DATA/celebrities_all/SZA/062.jpg,80.29700396825397,300x168,Black,female,33.346825333532216,062.jpg,0,SZA/062.jpg
100,SZA/063.jpg,22,23,0.99995184,SZA,63,/workspace/DS4002Project3/DATA/celebrities_all/SZA/063.jpg,47.30626984126984,300x168,Black,female,39.84810380610266,063.jpg,0,SZA/063.jpg
100,SZA/066.jpg,22,6,0.73968136,SZA,66,/workspace/DS4002Project3/DATA/celebrities_all/SZA/066.jpg,82.44116543209877,225x225,Black,female,29.76085556248611,066.jpg,0,SZA/066.jpg
100,SZA/068.jpg,22,2,0.98856187,SZA,68,/workspace/DS4002Project3/DATA/celebrities_all/SZA/068.jpg,120.55465474416296,275x183,Black,female,22.01505904194809,068.jpg,0,SZA/068.jpg
100,SZA/072.jpg,22,10,0.6208343,SZA,72,/workspace/DS4002Project3/DATA/celebrities_all/SZA/072.jpg,110.6631186696002,201x251,Black,female,0.0,072.jpg,0,SZA/072.jpg
100,SZA/076.jpg,22,2,0.51498306,SZA,76,/workspace/DS4002Project3/DATA/celebrities_all/SZA/076.jpg,108.8690873015873,300x168,Black,female,43.43383081001417,076.jpg,0,SZA/076.jpg
100,Salma-Hayek/007.jpg,23,14,0.5358061,Salma-Hayek,7,/workspace/DS4002Project3/DATA/celebrities_all/Salma-Hayek/007.jpg,81.96631353410308,186x271,White-Latina,female,72.5329044926429,007.jpg,0,Salma-Hayek/007.jpg
100,Salma-Hayek/010.jpg,23,20,0.9012288,Salma-Hayek,10,/workspace/DS4002Project3/DATA/celebrities_all/Salma-Hayek/010.jpg,163.1778746615703,299x168,White-Latina,female,46.81084492458797,010.jpg,0,Salma-Hayek/010.jpg
100,Salma-Hayek/016.jpg,23,2,0.9999591,Salma-Hayek,16,/workspace/DS4002Project3/DATA/celebrities_all/Salma-Hayek/016.jpg,113.35581790855878,301x168,White-Latina,female,38.357990745591366,016.jpg,0,Salma-Hayek/016.jpg
100,Salma-Hayek/020.jpg,23,1,0.9001483,Salma-Hayek,20,/workspace/DS4002Project3/DATA/celebrities_all/Salma-Hayek/020.jpg,54.85089360347092,194x259,White-Latina,female,25.589483670654776,020.jpg,0,Salma-Hayek/020.jpg
100,Salma-Hayek/026.jpg,23,8,0.98460704,Salma-Hayek,26,/workspace/DS4002Project3/DATA/celebrities_all/Salma-Hayek/026.jpg,99.10712369597616,183x275,White-Latina,female,40.24096594785032,026.jpg,0,Salma-Hayek/026.jpg
100,Salma-Hayek/035.jpg,23,4,0.8161059,Salma-Hayek,35,/workspace/DS4002Project3/DATA/celebrities_all/Salma-Hayek/035.jpg,73.24663686040735,183x275,White-Latina,female,28.26211666246048,035.jpg,0,Salma-Hayek/035.jpg
100,Salma-Hayek/047.jpg,23,8,0.7141877,Salma-Hayek,47,/workspace/DS4002Project3/DATA/celebrities_all/Salma-Hayek/047.jpg,77.71886904761905,300x168,White-Latina,female,64.06842454423487,047.jpg,0,Salma-Hayek/047.jpg
100,Salma-Hayek/049.jpg,23,8,0.4281282,Salma-Hayek,49,/workspace/DS4002Project3/DATA/celebrities_all/Salma-Hayek/049.jpg,34.684133134624936,183x275,White-Latina,female,17.01627738052549,049.jpg,0,Salma-Hayek/049.jpg
100,Salma-Hayek/052.jpg,23,20,0.9913714,Salma-Hayek,52,/workspace/DS4002Project3/DATA/celebrities_all/Salma-Hayek/052.jpg,139.29190555820992,168x299,White-Latina,female,111.93450608241298,052.jpg,0,Salma-Hayek/052.jpg
100,Salma-Hayek/054.jpg,23,16,0.9999924,Salma-Hayek,54,/workspace/DS4002Project3/DATA/celebrities_all/Salma-Hayek/054.jpg,159.31541495708709,201x251,White-Latina,female,60.12082100312124,054.jpg,0,Salma-Hayek/054.jpg
100,Salma-Hayek/058.jpg,23,4,0.9833294,Salma-Hayek,58,/workspace/DS4002Project3/DATA/celebrities_all/Salma-Hayek/058.jpg,77.38317719911083,188x268,White-Latina,female,25.255651984765585,058.jpg,0,Salma-Hayek/058.jpg
100,Salma-Hayek/060.jpg,23,6,0.77682877,Salma-Hayek,60,/workspace/DS4002Project3/DATA/celebrities_all/Salma-Hayek/060.jpg,149.8705966644111,259x194,White-Latina,female,99.45958995674948,060.jpg,0,Salma-Hayek/060.jpg
100,Salma-Hayek/063.jpg,23,14,0.49037135,Salma-Hayek,63,/workspace/DS4002Project3/DATA/celebrities_all/Salma-Hayek/063.jpg,156.72182910150443,201x251,White-Latina,female,58.27599317643009,063.jpg,0,Salma-Hayek/063.jpg
100,Salma-Hayek/066.jpg,23,2,0.8380145,Salma-Hayek,66,/workspace/DS4002Project3/DATA/celebrities_all/Salma-Hayek/066.jpg,74.93204938271604,225x225,White-Latina,female,52.6069515257759,066.jpg,0,Salma-Hayek/066.jpg
100,Salma-Hayek/078.jpg,23,5,0.85799503,Salma-Hayek,78,/workspace/DS4002Project3/DATA/celebrities_all/Salma-Hayek/078.jpg,112.79756595508512,201x251,White-Latina,female,73.96211071157808,078.jpg,0,Salma-Hayek/078.jpg
100,Will-Smith/025.jpg,24,8,0.80451477,Will-Smith,25,/workspace/DS4002Project3/DATA/celebrities_all/Will-Smith/025.jpg,152.52894187779432,275x183,Black,male,29.987364971775342,025.jpg,0,Will-Smith/025.jpg
100,Will-Smith/036.jpg,24,13,0.8688409,Will-Smith,36,/workspace/DS4002Project3/DATA/celebrities_all/Will-Smith/036.jpg,96.93888888888888,288x175,Black,male,54.01540105670976,036.jpg,0,Will-Smith/036.jpg
100,Will-Smith/040.jpg,24,15,0.79835117,Will-Smith,40,/workspace/DS4002Project3/DATA/celebrities_all/Will-Smith/040.jpg,78.60537283950617,225x225,Black,male,53.19647211929096,040.jpg,0,Will-Smith/040.jpg
100,Will-Smith/046.jpg,24,17,0.9538758,Will-Smith,46,/workspace/DS4002Project3/DATA/celebrities_all/Will-Smith/046.jpg,78.56022057652493,276x182,Black,male,50.622253746612536,046.jpg,0,Will-Smith/046.jpg
100,Will-Smith/063.jpg,24,2,0.9977481,Will-Smith,63,/workspace/DS4002Project3/DATA/celebrities_all/Will-Smith/063.jpg,87.78761904761905,300x168,Black,male,50.02987925573832,063.jpg,0,Will-Smith/063.jpg
100,Will-Smith/071.jpg,24,17,0.99356365,Will-Smith,71,/workspace/DS4002Project3/DATA/celebrities_all/Will-Smith/071.jpg,153.6240873015873,300x168,Black,male,36.19968902050454,071.jpg,0,Will-Smith/071.jpg
100,Will-Smith/077.jpg,24,14,0.58376247,Will-Smith,77,/workspace/DS4002Project3/DATA/celebrities_all/Will-Smith/077.jpg,118.7850992063492,300x168,Black,male,52.00528186624311,077.jpg,0,Will-Smith/077.jpg
100,Will-Smith/079.jpg,24,10,0.99988234,Will-Smith,79,/workspace/DS4002Project3/DATA/celebrities_all/Will-Smith/079.jpg,109.20684523809524,300x168,Black,male,38.49441439398553,079.jpg,0,Will-Smith/079.jpg
100,Will-Smith/080.jpg,24,22,0.6347305,Will-Smith,80,/workspace/DS4002Project3/DATA/celebrities_all/Will-Smith/080.jpg,56.68552409339295,183x275,Black,male,25.63584263546904,080.jpg,0,Will-Smith/080.jpg
